College Name,Classification Instructional Program En Title,Head Count - Fall
Algonquin College,Aboriginal studies,34
Algonquin College,Accounting,109
Algonquin College,Accounting and business/management,314
Algonquin College,"Administrative assistant and secretarial science, general",50
Algonquin College,Advertising,171
Algonquin College,Aesthetician/esthetician and skin care specialist,57
Algonquin College,Airframe mechanics and aircraft maintenance technology/technician,37
Algonquin College,"Animation, interactive technology, video graphics and special effects",77
Algonquin College,Architectural engineering technology/technician,N/A
Algonquin College,Architectural technology/technician,266
Algonquin College,"Art/art studies, general",N/A
Algonquin College,Auditing,N/A
Algonquin College,Automobile/automotive mechanics technology/technician,46
Algonquin College,Aviation/airway management and operations,93
Algonquin College,Baking and pastry arts/baker/pastry chef,75
Algonquin College,Bartending/bartender,42
Algonquin College,Behavioural sciences,63
Algonquin College,Biology technician/biotechnology laboratory technician,152
Algonquin College,"Business administration and management, general",764
Algonquin College,"Business administration, management and operations, other",N/A
Algonquin College,"Business/commerce, general",74
Algonquin College,Cabinetmaking and millwork,70
Algonquin College,Carpentry/carpenter,102
Algonquin College,Child care provider/assistant,487
Algonquin College,Civil engineering technology/technician,264
Algonquin College,"Communication and media studies, other",120
Algonquin College,"Computer and information sciences and support services, other",362
Algonquin College,"Computer programming/programmer, general",238
Algonquin College,Computer science,262
Algonquin College,Computer technology/computer systems technology,255
Algonquin College,Construction engineering,N/A
Algonquin College,Construction engineering technology/technician,44
Algonquin College,Construction management,N/A
Algonquin College,"Construction trades, general",62
Algonquin College,"Criminal justice and corrections, other",149
Algonquin College,Criminal justice/police science,776
Algonquin College,Culinary arts/chef training,98
Algonquin College,Dental assisting/assistant,26
Algonquin College,Dental hygiene/hygienist,143
Algonquin College,Digital communication and media/multimedia,11
Algonquin College,"Drama and dramatics/theatre arts, general",55
Algonquin College,"Electrical, electronic and communications engineering technology/technician",279
Algonquin College,Emergency medical technology/technician (EMT paramedic),126
Algonquin College,English Technical and Business Writing,130
Algonquin College,Environmental engineering technology/environmental technology,36
Algonquin College,Environmental studies,56
Algonquin College,Executive assistant/executive secretary,49
Algonquin College,Family and community services,250
Algonquin College,Financial planning and services,N/A
Algonquin College,"Fine/studio arts, general",39
Algonquin College,Fire science/firefighting,58
Algonquin College,Foodservice systems administration/management,13
Algonquin College,Forest technology/technician,43
Algonquin College,General office occupations and clerical services,131
Algonquin College,General studies,51
Algonquin College,Geographic information science and cartography,27
Algonquin College,Graphic design,225
Algonquin College,Hair styling/stylist and hair design,55
Algonquin College,Health aide,133
Algonquin College,"Health and medical administrative services, other",114
Algonquin College,"Health and physical education/fitness, general",414
Algonquin College,"Health professions and related clinical sciences, other",89
Algonquin College,"Health/medical preparatory programs, other",278
Algonquin College,"Heating, air conditioning, ventilation and refrigeration maintenance technology/technician",180
Algonquin College,Home furnishings and equipment installers,63
Algonquin College,"Hospitality administration/management, general",87
Algonquin College,Hotel/motel administration/management,164
Algonquin College,"Human resources management/personnel administration, general",53
Algonquin College,Information technology,17
Algonquin College,Interior design,150
Algonquin College,International business/trade/commerce,57
Algonquin College,"Journalism, general",82
Algonquin College,Landscaping and groundskeeping,57
Algonquin College,Legal assistant/paralegal,110
Algonquin College,"Legal professions and studies, other",210
Algonquin College,Library and archives assisting,72
Algonquin College,"Licensed Practical/Vocational Nurse Training (LPN, LVN, Cert., Dipl., AAS)",322
Algonquin College,Lineworker,65
Algonquin College,"Logistics, materials, and supply chain management",121
Algonquin College,Marketing research,14
Algonquin College,"Marketing/marketing management, general",367
Algonquin College,Masonry/mason,15
Algonquin College,Massage therapy/therapeutic massage,158
Algonquin College,Mechanical engineering/mechanical technology/technician,170
Algonquin College,Medical radiologic technology/science ¿ radiation therapist,93
Algonquin College,Museology/museum studies,127
Algonquin College,Music Management and Merchandising,78
Algonquin College,"Music, other",79
Algonquin College,"Natural resources management and policy, general",15
Algonquin College,Network and system administration/administrator,29
Algonquin College,Not Codeable,1035
Algonquin College,"Nursing/Registered Nurse (RN, ASN, BScN, MScN)",11
Algonquin College,Organizational behaviour studies,11
Algonquin College,"Parks, recreation and leisure studies",109
Algonquin College,Photography,125
Algonquin College,Playwriting and screenwriting,29
Algonquin College,Pre-nursing studies,163
Algonquin College,Pre-technology education/pre-industrial arts programs CAN,37
Algonquin College,Public relations/image management,104
Algonquin College,Radiation protection/health physics technician,21
Algonquin College,Radio and television,211
Algonquin College,Respiratory care therapy/therapist,68
Algonquin College,"Restaurant, culinary and catering management/manager",190
Algonquin College,Robotics technology/technician,85
Algonquin College,Small business administration/management,332
Algonquin College,"Social work, general",244
Algonquin College,"Social work, other",110
Algonquin College,Sport and fitness administration/management,42
Algonquin College,Teaching English as a second or foreign language/ESL language instructor,20
Algonquin College,Telecommunications technology/technician,39
Algonquin College,Tool and die technology/technician,N/A
Algonquin College,Tourism and travel services management,76
Algonquin College,Tourism and travel services marketing operations,174
Algonquin College,Veterinary/animal health technology/technician and veterinary assistant,149
Algonquin College,Water quality and wastewater treatment management and recycling technology/technician,31
Algonquin College,"Web page, digital/multimedia and information resources design",272
Algonquin College,Welding technology/welder,59
Algonquin College,Youth services/administration,310
Cambrian College,Baking and pastry arts/baker/pastry chef,N/A
Cambrian College,"Business/commerce, general",N/A
Cambrian College,Dental assisting/assistant,N/A
Cambrian College,Diagnostic medical sonography/sonographer and ultrasound technician,N/A
Cambrian College,Electrician,N/A
Cambrian College,Fire science/firefighting,N/A
Cambrian College,General studies,N/A
Cambrian College,"Health/medical preparatory programs, other",N/A
Cambrian College,Hotel/motel administration/management,N/A
Cambrian College,"Human resources management/personnel administration, general",N/A
Cambrian College,Industrial mechanics and maintenance technology,N/A
Cambrian College,Instructional program not reported,N/A
Cambrian College,Lineworker,N/A
Cambrian College,Medical radiologic technology/science ¿ radiation therapist,N/A
Cambrian College,Mining technology/technician,N/A
Cambrian College,"Natural resources management and policy, other",N/A
Cambrian College,Not Codeable,3340
Cambrian College,Stationary energy sources installer and operator CAN,N/A
Cambrian College,Youth services/administration,N/A
Canadore College,Aboriginal studies,30
Canadore College,Accounting,38
Canadore College,Accounting and business/management,12
Canadore College,"Administrative assistant and secretarial science, general",25
Canadore College,Advertising,24
Canadore College,Airframe mechanics and aircraft maintenance technology/technician,140
Canadore College,"Alternative and complementary medical support services, other",68
Canadore College,Automobile/automotive mechanics technology/technician,17
Canadore College,Avionics maintenance technology/technician,25
Canadore College,Biology technician/biotechnology laboratory technician,N/A
Canadore College,Biotechnology,36
Canadore College,"Business administration and management, general",N/A
Canadore College,"Business/commerce, general",69
Canadore College,Carpentry/carpenter,36
Canadore College,Child care provider/assistant,79
Canadore College,Cinematography and film/video production,59
Canadore College,Civil engineering technology/technician,46
Canadore College,Computer software technology/technician,13
Canadore College,"Criminal justice and corrections, other",78
Canadore College,Criminal justice/police science,120
Canadore College,Culinary arts/chef training,24
Canadore College,Dental hygiene/hygienist,54
Canadore College,"Drama and dramatics/theatre arts, general",30
Canadore College,Electrician,46
Canadore College,General office occupations and clerical services,N/A
Canadore College,General studies,49
Canadore College,Graphic design,62
Canadore College,Health aide,64
Canadore College,"Health and physical education/fitness, general",62
Canadore College,"Health/medical preparatory programs, other",89
Canadore College,"Licensed Practical/Vocational Nurse Training (LPN, LVN, Cert., Dipl., AAS)",198
Canadore College,Machine tool technology/machinist,11
Canadore College,Mental health counselling/counsellor,123
Canadore College,"Natural resources conservation and research, other",56
Canadore College,"Natural resources management and policy, general",16
Canadore College,Occupational therapist assistant,18
Canadore College,"Parks, recreation and leisure studies",51
Canadore College,Plumbing technology/plumber,30
Canadore College,Public relations/image management,27
Canadore College,Radio and television,26
Canadore College,Radio and television broadcasting technology/technician,41
Canadore College,Resort management,N/A
Canadore College,Respiratory care therapy/therapist,72
Canadore College,"Restaurant, culinary and catering management/manager",48
Canadore College,"Social work, general",138
Canadore College,Therapeutic recreation/recreational therapy,104
Canadore College,Welding technology/welder,29
Centennial College,Accounting,23
Centennial College,Accounting and business/management,348
Centennial College,Accounting technology/technician and bookkeeping,15
Centennial College,Advertising,116
Centennial College,Aesthetician/esthetician and skin care specialist,44
Centennial College,Airframe mechanics and aircraft maintenance technology/technician,201
Centennial College,"Animation, interactive technology, video graphics and special effects",31
Centennial College,Architectural technology/technician,172
Centennial College,Autobody/collision and repair technology/technician,79
Centennial College,Automobile/automotive mechanics technology/technician,266
Centennial College,Avionics maintenance technology/technician,83
Centennial College,Baking and pastry arts/baker/pastry chef,20
Centennial College,Biology technician/biotechnology laboratory technician,160
Centennial College,Biomedical technology/technician,107
Centennial College,"Business administration and management, general",141
Centennial College,"Business administration, management and operations, other",N/A
Centennial College,"Business/commerce, general",40
Centennial College,Business/corporate communications,67
Centennial College,Child care provider/assistant,386
Centennial College,Child development,26
Centennial College,Clinical/medical laboratory technician,72
Centennial College,"Computer and information sciences and support services, general, other",14
Centennial College,"Computer and information sciences and support services, other",25
Centennial College,"Computer engineering technology/technician, general",N/A
Centennial College,Computer installation and repair technology/technician,16
Centennial College,Computer software technology/technician,213
Centennial College,Computer systems networking and telecommunications,166
Centennial College,"Criminal justice and corrections, other",219
Centennial College,Criminal justice/police science,405
Centennial College,Customer service management,12
Centennial College,Digital communication and media/multimedia,12
Centennial College,"Electrical, electronic and communications engineering technology/technician",72
Centennial College,Emergency medical technology/technician (EMT paramedic),80
Centennial College,Energy management and systems technology/technician,34
Centennial College,English as a second language CAN,107
Centennial College,Executive assistant/executive secretary,44
Centennial College,Family and community services,49
Centennial College,Financial planning and services,N/A
Centennial College,"Fine/studio arts, general",43
Centennial College,Fire science/firefighting,27
Centennial College,Foodservice systems administration/management,108
Centennial College,General office occupations and clerical services,23
Centennial College,General studies,56
Centennial College,Graphic design,47
Centennial College,Health aide,49
Centennial College,"Health/medical preparatory programs, other",N/A
Centennial College,"Hospitality administration/management, general",103
Centennial College,Hotel/motel administration/management,127
Centennial College,"Human resources management/personnel administration, general",172
Centennial College,Institutional food workers,53
Centennial College,International business/trade/commerce,54
Centennial College,"Journalism, general",154
Centennial College,Legal administrative assistant/secretary,39
Centennial College,"Legal professions and studies, other",147
Centennial College,"Legal support services, other",28
Centennial College,"Licensed Practical/Vocational Nurse Training (LPN, LVN, Cert., Dipl., AAS)",610
Centennial College,"Marketing/marketing management, general",135
Centennial College,Massage therapy/therapeutic massage,62
Centennial College,Mechanical engineering/mechanical technology/technician,105
Centennial College,Medical informatics,33
Centennial College,Medical office management/administration,150
Centennial College,Motorcycle maintenance and repair technology/technician,30
Centennial College,"Natural resources conservation and research, other",85
Centennial College,Network and system administration/administrator,35
Centennial College,Not Codeable,1008
Centennial College,"Nursing/Registered Nurse (RN, ASN, BScN, MScN)",112
Centennial College,Occupational health and industrial hygiene,46
Centennial College,Occupational therapist assistant,76
Centennial College,Operations management and supervision,77
Centennial College,"Parks, recreation and leisure studies",65
Centennial College,Pharmacy technician/assistant,155
Centennial College,Publishing,49
Centennial College,Radio and television,65
Centennial College,Radio and television broadcasting technology/technician,211
Centennial College,"Restaurant, culinary and catering management/manager",N/A
Centennial College,Robotics technology/technician,110
Centennial College,"Sales, distribution and marketing operations, general",N/A
Centennial College,"Social work, general",262
Centennial College,Tourism and travel services management,17
Centennial College,"Visual and performing arts, other",49
Centennial College,Youth services/administration,326
Collège Boréal,Accounting and business/management,28
Collège Boréal,"Administrative assistant and secretarial science, general",12
Collège Boréal,Aesthetician/esthetician and skin care specialist,11
Collège Boréal,"Animation, interactive technology, video graphics and special effects",N/A
Collège Boréal,Automobile/automotive mechanics technology/technician,N/A
Collège Boréal,"Business/commerce, general",49
Collège Boréal,Carpentry/carpenter,10
Collège Boréal,Child care provider/assistant,119
Collège Boréal,"Computer engineering technology/technician, general",20
Collège Boréal,Computer technology/computer systems technology,N/A
Collège Boréal,Construction engineering technology/technician,35
Collège Boréal,"Cooking and related culinary arts, general",11
Collège Boréal,Criminal justice/police science,35
Collège Boréal,Dental assisting/assistant,N/A
Collège Boréal,Dental hygiene/hygienist,37
Collège Boréal,"Design and visual communications, general",10
Collège Boréal,Diagnostic medical sonography/sonographer and ultrasound technician,N/A
Collège Boréal,"Electrical, electronic and communications engineering technology/technician",61
Collège Boréal,Electrician,51
Collège Boréal,Emergency medical technology/technician (EMT paramedic),25
Collège Boréal,"Engineering technologies and engineering-related fields, other",N/A
Collège Boréal,Forest technology/technician,N/A
Collège Boréal,"Funeral service and mortuary science, general",N/A
Collège Boréal,General office occupations and clerical services,30
Collège Boréal,General studies,N/A
Collège Boréal,Hair styling/stylist and hair design,11
Collège Boréal,Health aide,19
Collège Boréal,"Health and physical education/fitness, general",16
Collège Boréal,"Health/medical preparatory programs, other",46
Collège Boréal,Heavy equipment maintenance technology/technician,12
Collège Boréal,Industrial mechanics and maintenance technology,51
Collège Boréal,Legal assistant/paralegal,26
Collège Boréal,"Licensed Practical/Vocational Nurse Training (LPN, LVN, Cert., Dipl., AAS)",151
Collège Boréal,Machine tool technology/machinist,N/A
Collège Boréal,Massage therapy/therapeutic massage,23
Collège Boréal,Medical radiologic technology/science ¿ radiation therapist,75
Collège Boréal,Not Codeable,N/A
Collège Boréal,Pharmacy technician/assistant,17
Collège Boréal,"Physical science technologies/technicians, other",16
Collège Boréal,Physical therapy technician/assistant,17
Collège Boréal,"Restaurant, culinary and catering management/manager",N/A
Collège Boréal,"Social work, general",111
Collège Boréal,"Special education and teaching, general",62
Collège Boréal,Technical theatre/theatre design and technology,13
Collège Boréal,Veterinary/animal health technology/technician and veterinary assistant,97
Collège Boréal,Welding technology/welder,19
Collège Boréal,"Wildlife, fish and wildlands science and management",25
Conestoga College,Accounting and business/management,311
Conestoga College,Advertising,65
Conestoga College,Airline/commercial/professional pilot and flight crew,40
Conestoga College,Architectural engineering technology/technician,82
Conestoga College,Audiology/audiologist,54
Conestoga College,Automobile/automotive mechanics technology/technician,25
Conestoga College,Biology technician/biotechnology laboratory technician,105
Conestoga College,Broadcast journalism,49
Conestoga College,"Business administration and management, general",191
Conestoga College,"Business/commerce, general",225
Conestoga College,Child care provider/assistant,275
Conestoga College,Civil engineering technology/technician,109
Conestoga College,"Computer programming/programmer, general",19
Conestoga College,Computer software technology/technician,76
Conestoga College,Computer systems analysis/analyst,102
Conestoga College,Construction engineering technology/technician,168
Conestoga College,"Construction trades, other",91
Conestoga College,Criminal justice/police science,391
Conestoga College,Culinary arts/chef training,25
Conestoga College,Dietetic technician (DTR),45
Conestoga College,"Electrical and electronic engineering technologies/technicians, other",28
Conestoga College,"Electrical, electronic and communications engineering technology/technician",147
Conestoga College,Electrician,44
Conestoga College,Emergency medical technology/technician (EMT paramedic),75
Conestoga College,Environmental engineering technology/environmental technology,36
Conestoga College,Financial planning and services,85
Conestoga College,Fire science/firefighting,88
Conestoga College,General office occupations and clerical services,29
Conestoga College,General studies,85
Conestoga College,Graphic design,92
Conestoga College,Health aide,90
Conestoga College,"Hospitality administration/management, general",40
Conestoga College,"Human resources management/personnel administration, general",95
Conestoga College,"Human services, general",97
Conestoga College,"Industrial production technologies/technicians, other",49
Conestoga College,Insurance,41
Conestoga College,International business/trade/commerce,90
Conestoga College,"Journalism, general",55
Conestoga College,"Licensed Practical/Vocational Nurse Training (LPN, LVN, Cert., Dipl., AAS)",528
Conestoga College,"Logistics, materials, and supply chain management",57
Conestoga College,"Marketing/marketing management, general",84
Conestoga College,Medical office management/administration,113
Conestoga College,Not Codeable,3681
Conestoga College,Occupational therapist assistant,73
Conestoga College,"Parks, recreation and leisure studies",137
Conestoga College,Radio and television,157
Conestoga College,Respiratory care therapy/therapist,100
Conestoga College,"Restaurant, culinary and catering management/manager",49
Conestoga College,Restaurant/food services management,41
Conestoga College,Robotics technology/technician,78
Conestoga College,"Social work, general",107
Conestoga College,Teaching English as a second or foreign language/ESL language instructor,16
Conestoga College,Welding technology/welder,39
Conestoga College,"Woodworking, general",55
Confederation College,Accounting and business/management,105
Confederation College,"Administrative assistant and secretarial science, general",24
Confederation College,Aeronautical/aerospace engineering technology/technician,31
Confederation College,Airframe mechanics and aircraft maintenance technology/technician,52
Confederation College,Automobile/automotive mechanics technology/technician,13
Confederation College,Aviation/airway management and operations,81
Confederation College,"Business, management, marketing and related support services, other",21
Confederation College,Child care provider/assistant,118
Confederation College,Cinematography and film/video production,71
Confederation College,Civil engineering technology/technician,82
Confederation College,Criminal justice/police science,109
Confederation College,Dental assisting/assistant,13
Confederation College,"Electrical, electronic and communications engineering technology/technician",23
Confederation College,Emergency medical technology/technician (EMT paramedic),51
Confederation College,Family and community services,53
Confederation College,Fire science/firefighting,17
Confederation College,General studies,129
Confederation College,Health aide,49
Confederation College,"Health/medical preparatory programs, other",93
Confederation College,Heavy equipment maintenance technology/technician,25
Confederation College,"Human development and family studies, general",62
Confederation College,"Human resources management/personnel administration, general",119
Confederation College,International business/trade/commerce,N/A
Confederation College,"Licensed Practical/Vocational Nurse Training (LPN, LVN, Cert., Dipl., AAS)",172
Confederation College,"Marketing/marketing management, general",63
Confederation College,Mechanical engineering/mechanical technology/technician,25
Confederation College,Medical radiologic technology/science ¿ radiation therapist,44
Confederation College,"Natural resources management and policy, other",56
Confederation College,Not Codeable,685
Confederation College,Pre-technology education/pre-industrial arts programs CAN,71
Confederation College,Radio and television,38
Confederation College,"Restaurant, culinary and catering management/manager",49
Confederation College,"Social work, general",120
Confederation College,Stationary energy sources installer and operator CAN,12
Confederation College,"Teaching assistants/aides, general",N/A
Confederation College,"Web page, digital/multimedia and information resources design",84
Confederation College,Welding technology/welder,73
Confederation College,Youth services/administration,105
Durham College,Not Codeable,9162
Fanshawe College,Accounting and business/management,393
Fanshawe College,Anesthesiologist assistant,N/A
Fanshawe College,"Animation, interactive technology, video graphics and special effects",22
Fanshawe College,"Applied horticulture/horticulture operations, general",71
Fanshawe College,Architectural technology/technician,245
Fanshawe College,Automobile/automotive mechanics technology/technician,53
Fanshawe College,Avionics maintenance technology/technician,80
Fanshawe College,Behavioural sciences,68
Fanshawe College,Biotechnology,74
Fanshawe College,Broadcast journalism,99
Fanshawe College,"Business administration and management, general",31
Fanshawe College,"Business/commerce, general",428
Fanshawe College,Business/corporate communications,55
Fanshawe College,Carpentry/carpenter,120
Fanshawe College,Child care provider/assistant,502
Fanshawe College,Cinematography and film/video production,38
Fanshawe College,Civil engineering technology/technician,186
Fanshawe College,Computer systems analysis/analyst,340
Fanshawe College,Computer technology/computer systems technology,272
Fanshawe College,Construction engineering technology/technician,199
Fanshawe College,Criminal justice/police science,570
Fanshawe College,Culinary arts/chef training,57
Fanshawe College,Dental assisting/assistant,48
Fanshawe College,Dental hygiene/hygienist,88
Fanshawe College,Diesel mechanics technology/technician,52
Fanshawe College,"Drama and dramatics/theatre arts, general",48
Fanshawe College,Early childhood education and teaching,63
Fanshawe College,"Electrical, electronic and communications engineering technology/technician",220
Fanshawe College,Electrician,143
Fanshawe College,Electromechanical technology/electromechanical engineering technology,36
Fanshawe College,Emergency medical technology/technician (EMT paramedic),84
Fanshawe College,"Engineering, other",28
Fanshawe College,English as a second language CAN,44
Fanshawe College,Entrepreneurship/entrepreneurial studies,51
Fanshawe College,Environmental engineering technology/environmental technology,83
Fanshawe College,Executive assistant/executive secretary,54
Fanshawe College,Family and community services,239
Fanshawe College,Fashion merchandising,112
Fanshawe College,Fashion/apparel design,82
Fanshawe College,"Finance, general",115
Fanshawe College,Financial planning and services,16
Fanshawe College,"Fine/studio arts, general",128
Fanshawe College,"Food service, waiter/waitress and dining room management/manager",47
Fanshawe College,Foodservice systems administration/management,61
Fanshawe College,General office occupations and clerical services,26
Fanshawe College,General studies,811
Fanshawe College,Geographic information science and cartography,87
Fanshawe College,Graphic design,260
Fanshawe College,Hair styling/stylist and hair design,24
Fanshawe College,Health aide,79
Fanshawe College,"Health and physical education/fitness, general",133
Fanshawe College,"Health/medical preparatory programs, other",500
Fanshawe College,"Heating, air conditioning, ventilation and refrigeration maintenance technology/technician",42
Fanshawe College,Home furnishings and equipment installers,60
Fanshawe College,"Hospitality administration/management, general",74
Fanshawe College,"Hospitality administration/management, other",17
Fanshawe College,"Human resources management/personnel administration, general",207
Fanshawe College,"Human services, general",156
Fanshawe College,Industrial mechanics and maintenance technology,15
Fanshawe College,Information resources management,N/A
Fanshawe College,Instrumentation technology/technician,N/A
Fanshawe College,Insurance,76
Fanshawe College,Interior design,84
Fanshawe College,International business/trade/commerce,17
Fanshawe College,Land use planning and management/development,28
Fanshawe College,Landscaping and groundskeeping,125
Fanshawe College,Legal assistant/paralegal,39
Fanshawe College,"Legal professions and studies, other",155
Fanshawe College,"Licensed Practical/Vocational Nurse Training (LPN, LVN, Cert., Dipl., AAS)",260
Fanshawe College,Machine tool technology/machinist,N/A
Fanshawe College,Manufacturing engineering technology/technician,51
Fanshawe College,"Marketing/marketing management, general",426
Fanshawe College,Massage therapy/therapeutic massage,24
Fanshawe College,Mechanical engineering/mechanical technology/technician,N/A
Fanshawe College,Medical office management/administration,155
Fanshawe College,Medical radiologic technology/science ¿ radiation therapist,141
Fanshawe College,Not Codeable,167
Fanshawe College,"Parks, recreation and leisure studies",140
Fanshawe College,Pharmacy technician/assistant,64
Fanshawe College,Photography,180
Fanshawe College,"Physical science technologies/technicians, other",49
Fanshawe College,Pre-technology education/pre-industrial arts programs CAN,74
Fanshawe College,"Purchasing, procurement/acquisitions and contracts management",34
Fanshawe College,Radio and television,274
Fanshawe College,Radio and television broadcasting technology/technician,18
Fanshawe College,Recording arts technology/technician,235
Fanshawe College,Respiratory care therapy/therapist,165
Fanshawe College,"Restaurant, culinary and catering management/manager",27
Fanshawe College,"Security and protective services, other",31
Fanshawe College,"Social work, general",201
Fanshawe College,Sport and fitness administration/management,42
Fanshawe College,Technical theatre/theatre design and technology,31
Fanshawe College,Tourism and travel services marketing operations,95
Fanshawe College,"Web page, digital/multimedia and information resources design",180
Fanshawe College,Web/multimedia management and webmaster,48
Fanshawe College,Welding technology/welder,45
Fanshawe College,Youth services/administration,382
George Brown College,Accounting,116
George Brown College,Accounting and business/management,514
George Brown College,Adult development and aging,166
George Brown College,American Sign Language (ASL)/Langue des signes québécoise (LSQ),84
George Brown College,"Animation, interactive technology, video graphics and special effects",N/A
George Brown College,Apparel and textile marketing management,270
George Brown College,Architectural technology/technician,413
George Brown College,"Art/art studies, general",180
George Brown College,Audiology/audiologist,116
George Brown College,Baking and pastry arts/baker/pastry chef,144
George Brown College,Behavioural sciences,249
George Brown College,"Business administration and management, general",501
George Brown College,Business and personal/financial services marketing operations,21
George Brown College,"Business, management, marketing and related support services, other",53
George Brown College,Child care provider/assistant,690
George Brown College,Computer systems analysis/analyst,164
George Brown College,Computer systems networking and telecommunications,N/A
George Brown College,Computer technology/computer systems technology,237
George Brown College,Construction engineering technology/technician,510
George Brown College,Construction management,13
George Brown College,"Construction trades, other",276
George Brown College,"Cooking and related culinary arts, general",120
George Brown College,Critical Care Nursing,93
George Brown College,Culinary arts/chef training,236
George Brown College,"Dance, general",60
George Brown College,Dental assisting/assistant,158
George Brown College,Dental hygiene/hygienist,18
George Brown College,Dental laboratory technology/technician,204
George Brown College,"Design and applied arts, other",N/A
George Brown College,"Drama and dramatics/theatre arts, general",64
George Brown College,Electromechanical technology/electromechanical engineering technology,82
George Brown College,Entrepreneurship/entrepreneurial studies,17
George Brown College,Family and community services,259
George Brown College,Fashion/apparel design,301
George Brown College,Financial planning and services,111
George Brown College,Foodservice systems administration/management,43
George Brown College,General studies,174
George Brown College,Graphic design,338
George Brown College,Health aide,99
George Brown College,"Health and physical education/fitness, general",N/A
George Brown College,Health information/medical records administration/administrator,98
George Brown College,"Health/medical preparatory programs, other",290
George Brown College,"Heating, air conditioning, ventilation and refrigeration maintenance technology/technician",291
George Brown College,"Hospitality administration/management, general",423
George Brown College,Hospitality and recreation marketing operations,135
George Brown College,Hotel/motel administration/management,275
George Brown College,"Human development, family studies and related services, other",42
George Brown College,Human resources development,48
George Brown College,"Human resources management/personnel administration, general",458
George Brown College,Information technology,33
George Brown College,International business/trade/commerce,N/A
George Brown College,"Licensed Practical/Vocational Nurse Training (LPN, LVN, Cert., Dipl., AAS)",555
George Brown College,"Marketing/marketing management, general",539
George Brown College,Mechanical engineering/mechanical technology/technician,184
George Brown College,Medical informatics,12
George Brown College,Medical office management/administration,212
George Brown College,Metal and jewellery arts,107
George Brown College,Not Codeable,2808
George Brown College,"Nursing/Registered Nurse (RN, ASN, BScN, MScN)",66
George Brown College,Orthotist/prosthetist,63
George Brown College,Perioperative/Operating Room and Surgical Nurse/Nursing,27
George Brown College,"Restaurant, culinary and catering management/manager",715
George Brown College,Restaurant/food services management,102
George Brown College,Sign language interpretation and translation,64
George Brown College,"Social work, general",375
George Brown College,"Teacher education and professional development, specific levels and methods, other",18
George Brown College,Tool and die technology/technician,46
George Brown College,"Visual and performing arts, general",28
George Brown College,Youth services/administration,374
Georgian College,"Aboriginal languages, literatures and linguistics",16
Georgian College,Aboriginal studies,N/A
Georgian College,Accounting and business/management,154
Georgian College,Accounting technology/technician and bookkeeping,29
Georgian College,Addiction prevention and treatment (not for credit),46
Georgian College,Advertising,94
Georgian College,Aesthetician/esthetician and skin care specialist,84
Georgian College,"Allied health and medical assisting services, other",93
Georgian College,Architectural technology/technician,84
Georgian College,"Art/art studies, general",49
Georgian College,Automotive engineering technology/technician,29
Georgian College,Aviation/airway management and operations,88
Georgian College,Behavioural sciences,N/A
Georgian College,"Business administration and management, general",310
Georgian College,"Business/commerce, general",187
Georgian College,Cabinetmaking and millwork,35
Georgian College,Carpentry/carpenter,66
Georgian College,Child care provider/assistant,224
Georgian College,Civil engineering technology/technician,96
Georgian College,"Communication disorders sciences and services, other",48
Georgian College,Computer and information systems security/information assurance,N/A
Georgian College,"Computer programming/programmer, general",47
Georgian College,Computer systems analysis/analyst,80
Georgian College,Criminal justice/police science,600
Georgian College,Culinary arts/chef training,43
Georgian College,Dental assisting/assistant,44
Georgian College,Dental hygiene/hygienist,140
Georgian College,"Design and visual communications, general",N/A
Georgian College,"Electrical, electronic and communications engineering technology/technician",156
Georgian College,Emergency medical technology/technician (EMT paramedic),88
Georgian College,"Entrepreneurial and small business operations, other",10
Georgian College,Entrepreneurship/entrepreneurial studies,73
Georgian College,Environmental engineering technology/environmental technology,139
Georgian College,Executive assistant/executive secretary,57
Georgian College,Family and community services,120
Georgian College,"Fine/studio arts, general",61
Georgian College,Fire science/firefighting,56
Georgian College,General office occupations and clerical services,36
Georgian College,General studies,122
Georgian College,Graphic design,88
Georgian College,Health aide,172
Georgian College,"Health and physical education/fitness, general",126
Georgian College,"Health/medical preparatory programs, other",583
Georgian College,"Heating, air conditioning, ventilation and refrigeration maintenance technology/technician",97
Georgian College,Home furnishings and equipment installers,51
Georgian College,"Human resources management/personnel administration, general",130
Georgian College,Instructional program not reported,33
Georgian College,Interior design,153
Georgian College,International business/trade/commerce,N/A
Georgian College,"Legal professions and studies, other",107
Georgian College,"Licensed Practical/Vocational Nurse Training (LPN, LVN, Cert., Dipl., AAS)",404
Georgian College,Machine tool technology/machinist,53
Georgian College,Marine maintenance/fitter and ship repair technology/technician,26
Georgian College,"Marketing/marketing management, general",92
Georgian College,Massage therapy/therapeutic massage,188
Georgian College,Mechanical drafting and mechanical drafting CAD/CADD,55
Georgian College,"Mechanical engineering related technologies/technicians, other",54
Georgian College,Medical office management/administration,125
Georgian College,Metal and jewellery arts,45
Georgian College,"Multidisciplinary/interdisciplinary studies, other",40
Georgian College,Museology/museum studies,28
Georgian College,Nautical science/merchant marine officer,57
Georgian College,Network and system administration/administrator,70
Georgian College,Non-profit/public/organizational management,16
Georgian College,Occupational safety and health technology/technician,14
Georgian College,Opticianry/ophthalmic dispensing optician,102
Georgian College,"Parks, recreation and leisure studies",83
Georgian College,Petroleum technology/technician,49
Georgian College,Pharmacy technician/assistant,47
Georgian College,Photography,95
Georgian College,Plumbing technology/plumber,28
Georgian College,Resort management,210
Georgian College,"Restaurant, culinary and catering management/manager",148
Georgian College,Robotics technology/technician,175
Georgian College,Security and loss prevention services,28
Georgian College,"Security and protective services, other",47
Georgian College,Small engine mechanics and repair technology/technician,12
Georgian College,"Social work, general",222
Georgian College,Sport and fitness administration/management,99
Georgian College,Stationary energy sources installer and operator CAN,89
Georgian College,Therapeutic recreation/recreational therapy,57
Georgian College,Tourism and travel services management,26
Georgian College,Tourism and travel services marketing operations,74
Georgian College,Veterinary/animal health technology/technician and veterinary assistant,108
Georgian College,"Web page, digital/multimedia and information resources design",33
Georgian College,Welding technology/welder,54
Georgian College,Youth services/administration,241
Humber College,Accounting,620
Humber College,Accounting and business/management,N/A
Humber College,Acting,140
Humber College,Advertising,213
Humber College,"Animation, interactive technology, video graphics and special effects",170
Humber College,Apparel and textile marketing management,167
Humber College,"Applied horticulture/horticultural business services, other",N/A
Humber College,Architectural technology/technician,390
Humber College,"Business administration and management, general",1152
Humber College,"Business administration, management and operations, other",19
Humber College,Cabinetmaking and millwork,39
Humber College,Child care provider/assistant,553
Humber College,Cinematography and film/video production,274
Humber College,Civil engineering technology/technician,242
Humber College,"Clinical and industrial drug development (MS, MSc, PhD)",51
Humber College,Commercial and advertising art,92
Humber College,"Computer engineering technology/technician, general",145
Humber College,"Computer programming/programmer, general",92
Humber College,Computer software technology/technician,N/A
Humber College,"Criminal justice and corrections, other",306
Humber College,Criminal justice/police science,691
Humber College,Culinary arts/chef training,63
Humber College,"Design and visual communications, general",105
Humber College,Directing and theatrical production,55
Humber College,Education/teaching of individuals in early childhood special education programs,34
Humber College,"Electrical, electronic and communications engineering technology/technician",352
Humber College,Electromechanical technology/electromechanical engineering technology,162
Humber College,Emergency medical technology/technician (EMT paramedic),115
Humber College,Energy management and systems technology/technician,121
Humber College,English Creative Writing,195
Humber College,English as a second language CAN,26
Humber College,Family and community services,87
Humber College,Fashion/apparel design,324
Humber College,Financial planning and services,83
Humber College,Fire science/firefighting,65
Humber College,"Food service, waiter/waitress and dining room management/manager",12
Humber College,"Funeral service and mortuary science, general",101
Humber College,Graphic design,246
Humber College,Health aide,81
Humber College,"Health and physical education/fitness, general",439
Humber College,"Health services/allied health/health sciences, general",47
Humber College,"Heating, air conditioning, ventilation and refrigeration maintenance technology/technician",241
Humber College,Home furnishings and equipment installers,148
Humber College,"Hospitality administration/management, general",195
Humber College,"Human resources management/personnel administration, general",264
Humber College,Industrial and product design,160
Humber College,Interior design,209
Humber College,International business/trade/commerce,123
Humber College,"Journalism, general",266
Humber College,Keyboard instruments,25
Humber College,Landscaping and groundskeeping,71
Humber College,Legal administrative assistant/secretary,28
Humber College,Legal assistant/paralegal,271
Humber College,"Legal professions and studies, other",281
Humber College,"Licensed Practical/Vocational Nurse Training (LPN, LVN, Cert., Dipl., AAS)",452
Humber College,"Logistics, materials, and supply chain management",32
Humber College,"Marketing/marketing management, general",278
Humber College,Mass communication/media studies,226
Humber College,"Music performance, general",140
Humber College,Network and system administration/administrator,89
Humber College,Non-profit/public/organizational management,N/A
Humber College,Not Codeable,5236
Humber College,"Nursing/Registered Nurse (RN, ASN, BScN, MScN)",68
Humber College,"Parks, recreation and leisure studies",121
Humber College,Pharmacy technician/assistant,89
Humber College,Photography,165
Humber College,Physical therapy technician/assistant,102
Humber College,Public administration,60
Humber College,Public relations/image management,313
Humber College,Publishing,58
Humber College,Radio and television,156
Humber College,"Restaurant, culinary and catering management/manager",252
Humber College,"Security and protective services, other",38
Humber College,"Social work, general",263
Humber College,Special products marketing operations,33
Humber College,Sport and fitness administration/management,110
Humber College,Stringed instruments,117
Humber College,Teaching English as a second or foreign language/ESL language instructor,15
Humber College,Telecommunications technology/technician,N/A
Humber College,Tourism and travel services management,75
Humber College,Tourism and travel services marketing operations,251
Humber College,"Visual and performing arts, general",101
Humber College,Voice and opera,58
Humber College,"Web page, digital/multimedia and information resources design",30
Humber College,"Woodworking, general",38
Humber College,Youth services/administration,438
La Cité Collégiale,Not Codeable,4182
Lambton College,Accounting and business/management,65
Lambton College,Aesthetician/esthetician and skin care specialist,21
Lambton College,Behavioural sciences,21
Lambton College,"Business administration and management, general",23
Lambton College,"Business, management, marketing and related support services, other",N/A
Lambton College,"Business/commerce, general",20
Lambton College,Carpentry/carpenter,16
Lambton College,Child care provider/assistant,98
Lambton College,Criminal justice/police science,103
Lambton College,Emergency medical technology/technician (EMT paramedic),91
Lambton College,Energy management and systems technology/technician,22
Lambton College,Executive assistant/executive secretary,39
Lambton College,Fire science/firefighting,142
Lambton College,General office occupations and clerical services,14
Lambton College,General studies,98
Lambton College,Health aide,98
Lambton College,"Health/medical preparatory programs, other",66
Lambton College,"Hospitality administration/management, general",32
Lambton College,"Human resources management/personnel administration, general",37
Lambton College,"Human services, general",20
Lambton College,Industrial mechanics and maintenance technology,24
Lambton College,"Industrial production technologies/technicians, other",300
Lambton College,Instrumentation technology/technician,98
Lambton College,"Licensed Practical/Vocational Nurse Training (LPN, LVN, Cert., Dipl., AAS)",125
Lambton College,"Marketing/marketing management, general",31
Lambton College,Medical office management/administration,44
Lambton College,Not Codeable,569
Lambton College,Perioperative/Operating Room and Surgical Nurse/Nursing,N/A
Lambton College,Pharmacy technician/assistant,40
Lambton College,Pre-nursing studies,81
Lambton College,Pre-technology education/pre-industrial arts programs CAN,40
Lambton College,"Social work, general",74
Lambton College,Sport and fitness administration/management,21
Lambton College,Welding technology/welder,20
Lambton College,Youth services/administration,113
Loyalist College,Accounting,44
Loyalist College,Accounting and business/management,12
Loyalist College,Advertising,26
Loyalist College,Aesthetician/esthetician and skin care specialist,50
Loyalist College,"Animation, interactive technology, video graphics and special effects",86
Loyalist College,Architectural drafting and architectural CAD/CADD,N/A
Loyalist College,Architectural technology/technician,51
Loyalist College,Automobile/automotive mechanics technology/technician,45
Loyalist College,Biology technician/biotechnology laboratory technician,54
Loyalist College,"Business administration and management, general",N/A
Loyalist College,"Business/commerce, general",74
Loyalist College,Child care provider/assistant,71
Loyalist College,Civil engineering technology/technician,70
Loyalist College,"Communication and media studies, other",N/A
Loyalist College,Construction engineering technology/technician,13
Loyalist College,"Construction trades, other",N/A
Loyalist College,"Criminal justice and corrections, other",76
Loyalist College,Criminal justice/police science,111
Loyalist College,Culinary arts/chef training,18
Loyalist College,"Electrical, electronic and communications engineering technology/technician",29
Loyalist College,Electrician,10
Loyalist College,"Engineering technologies and engineering-related fields, other",28
Loyalist College,"English language and literature, general",N/A
Loyalist College,Environmental engineering technology/environmental technology,N/A
Loyalist College,Family and community services,66
Loyalist College,General studies,43
Loyalist College,Graphic design,41
Loyalist College,Health aide,N/A
Loyalist College,"Health and physical education/fitness, general",44
Loyalist College,"Health/medical preparatory programs, other",84
Loyalist College,Hospitality and recreation marketing operations,10
Loyalist College,"Human resources management/personnel administration, general",N/A
Loyalist College,Industrial mechanics and maintenance technology,N/A
Loyalist College,Industrial technology/technician,67
Loyalist College,"Journalism, other",48
Loyalist College,Legal assistant/paralegal,48
Loyalist College,"Licensed Practical/Vocational Nurse Training (LPN, LVN, Cert., Dipl., AAS)",97
Loyalist College,Manufacturing engineering technology/technician,45
Loyalist College,"Natural resources conservation and research, other",32
Loyalist College,Not Codeable,80
Loyalist College,"Parks, recreation and leisure studies",25
Loyalist College,Photojournalism,74
Loyalist College,Public relations/image management,28
Loyalist College,Radio and television,145
Loyalist College,"Restaurant, culinary and catering management/manager",44
Loyalist College,"Sales, distribution and marketing operations, general",37
Loyalist College,Security and loss prevention services,68
Loyalist College,"Social work, general",144
Loyalist College,Surveying technology/surveying,15
Loyalist College,"Traffic, customs and transportation clerk/technician",61
Loyalist College,Vehicle and vehicle parts and accessories marketing operations,N/A
Loyalist College,"Visual and performing arts, general",32
Loyalist College,Welding technology/welder,11
Loyalist College,Youth services/administration,178
Mohawk College,Accounting,206
Mohawk College,Airframe mechanics and aircraft maintenance technology/technician,99
Mohawk College,"Animation, interactive technology, video graphics and special effects",103
Mohawk College,Architectural technology/technician,260
Mohawk College,"Art/art studies, general",56
Mohawk College,Automobile/automotive mechanics technology/technician,86
Mohawk College,Behavioural sciences,38
Mohawk College,Biology technician/biotechnology laboratory technician,12
Mohawk College,Broadcast journalism,N/A
Mohawk College,"Business administration and management, general",162
Mohawk College,"Business/commerce, general",221
Mohawk College,Cardiovascular technology/technologist,80
Mohawk College,Child care provider/assistant,377
Mohawk College,"City/urban, community and regional planning",62
Mohawk College,Civil engineering technology/technician,352
Mohawk College,"Communication and media studies, other",46
Mohawk College,"Computer engineering technology/technician, general",99
Mohawk College,Computer software technology/technician,202
Mohawk College,Computer technology/computer systems technology,195
Mohawk College,Construction engineering technology/technician,73
Mohawk College,"Construction trades, general",35
Mohawk College,"Construction trades, other",93
Mohawk College,Criminal justice/police science,447
Mohawk College,Diagnostic medical sonography/sonographer and ultrasound technician,83
Mohawk College,"Electrical, electronic and communications engineering technology/technician",520
Mohawk College,"Engineering technologies and engineering-related fields, other",141
Mohawk College,"English language and literature, general",14
Mohawk College,Environmental engineering technology/environmental technology,19
Mohawk College,Executive assistant/executive secretary,118
Mohawk College,Family and community services,223
Mohawk College,Financial planning and services,63
Mohawk College,General office occupations and clerical services,46
Mohawk College,General studies,293
Mohawk College,Graphic design,168
Mohawk College,Health aide,98
Mohawk College,"Health and physical education/fitness, general",291
Mohawk College,"Health/medical preparatory programs, other",236
Mohawk College,"Heating, air conditioning, ventilation and refrigeration maintenance technology/technician",135
Mohawk College,"Human resources management/personnel administration, general",53
Mohawk College,"Human services, general",32
Mohawk College,Industrial mechanics and maintenance technology,25
Mohawk College,Instructional program not reported,40
Mohawk College,Insurance,119
Mohawk College,International business/trade/commerce,N/A
Mohawk College,Legal administrative assistant/secretary,110
Mohawk College,"Legal studies, general",41
Mohawk College,"Licensed Practical/Vocational Nurse Training (LPN, LVN, Cert., Dipl., AAS)",298
Mohawk College,Manufacturing engineering technology/technician,64
Mohawk College,"Marketing/marketing management, general",175
Mohawk College,Mechanical engineering/mechanical technology/technician,208
Mohawk College,"Mechanics and repairers, general",15
Mohawk College,Medical office management/administration,196
Mohawk College,"Music, general",218
Mohawk College,"Natural resources conservation and research, other",49
Mohawk College,Network and system administration/administrator,68
Mohawk College,Not Codeable,923
Mohawk College,Occupational therapist assistant,153
Mohawk College,"Parks, recreation and leisure studies",120
Mohawk College,Pharmacy technician/assistant,63
Mohawk College,Photography,91
Mohawk College,Plumbing technology/plumber,N/A
Mohawk College,Pre-technology education/pre-industrial arts programs CAN,N/A
Mohawk College,Public relations/image management,39
Mohawk College,"Quality control and safety technologies/technicians, other",N/A
Mohawk College,Quality control technology/technician,43
Mohawk College,Radio and television,313
Mohawk College,Securities services administration/management,24
Mohawk College,Security and loss prevention services,188
Mohawk College,"Social work, general",249
Mohawk College,Stationary energy sources installer and operator CAN,41
Mohawk College,"Teaching assistants/aides, general",N/A
Mohawk College,Telecommunications technology/technician,N/A
Mohawk College,Therapeutic recreation/recreational therapy,120
Mohawk College,Tourism and travel services management,21
Mohawk College,Tourism and travel services marketing operations,130
Mohawk College,Welding technology/welder,N/A
Mohawk College,"Woodworking, general",50
Mohawk College,Youth services/administration,413
Niagara College,Accounting and business/management,133
Niagara College,Acting,73
Niagara College,Aesthetician/esthetician and skin care specialist,93
Niagara College,"Agricultural production operations, other",52
Niagara College,"Applied horticulture/horticulture operations, general",77
Niagara College,Architectural engineering technology/technician,112
Niagara College,Automobile/automotive mechanics technology/technician,28
Niagara College,"Business administration and management, general",245
Niagara College,Carpentry/carpenter,22
Niagara College,Child care provider/assistant,227
Niagara College,"Computer engineering technology/technician, general",21
Niagara College,"Computer programming/programmer, general",44
Niagara College,Computer systems analysis/analyst,79
Niagara College,"Construction trades, other",72
Niagara College,Corrections,139
Niagara College,Criminal justice/police science,447
Niagara College,"Culinary arts and related services, other",12
Niagara College,Culinary arts/chef training,57
Niagara College,Dental assisting/assistant,48
Niagara College,"Electrical, electronic and communications engineering technology/technician",240
Niagara College,Electrician,66
Niagara College,Emergency medical technology/technician (EMT paramedic),91
Niagara College,Executive assistant/executive secretary,49
Niagara College,Family and community services,42
Niagara College,General office occupations and clerical services,N/A
Niagara College,General studies,287
Niagara College,Geographic information science and cartography,32
Niagara College,Greenhouse operations and management,46
Niagara College,Health aide,64
Niagara College,"Health and physical education/fitness, general",132
Niagara College,"Health/medical preparatory programs, other",292
Niagara College,"Hospitality administration/management, general",76
Niagara College,Hotel/motel administration/management,98
Niagara College,"Human resources management/personnel administration, general",54
Niagara College,International business/trade/commerce,45
Niagara College,International/global studies,96
Niagara College,"Journalism, general",79
Niagara College,Landscaping and groundskeeping,53
Niagara College,Laser and optical technology/technician,73
Niagara College,"Legal professions and studies, other",57
Niagara College,"Licensed Practical/Vocational Nurse Training (LPN, LVN, Cert., Dipl., AAS)",152
Niagara College,Machine tool technology/machinist,N/A
Niagara College,Mechanical engineering/mechanical technology/technician,94
Niagara College,Medical office management/administration,25
Niagara College,"Natural resources conservation and research, other",65
Niagara College,"Natural resources management and policy, general",81
Niagara College,Not Codeable,1510
Niagara College,"Parks, recreation and leisure studies",49
Niagara College,Pharmacy technician/assistant,70
Niagara College,Public relations/image management,34
Niagara College,Radio and television,255
Niagara College,"Restaurant, culinary and catering management/manager",171
Niagara College,"Sales, distribution and marketing operations, general",113
Niagara College,Securities services administration/management,203
Niagara College,"Social work, general",114
Niagara College,Sport and fitness administration/management,66
Niagara College,"Teaching assistants/aides, general",173
Niagara College,Tourism and travel services management,91
Niagara College,"Web page, digital/multimedia and information resources design",34
Niagara College,Welding technology/welder,10
Niagara College,Youth services/administration,170
Northern College,Not Codeable,1035
Sault College,Aesthetician/esthetician and skin care specialist,26
Sault College,Airline/commercial/professional pilot and flight crew,183
Sault College,"Business/commerce, general",42
Sault College,Child care provider/assistant,86
Sault College,Civil engineering technology/technician,32
Sault College,Criminal justice/police science,88
Sault College,"Electrical, electronic and communications engineering technology/technician",106
Sault College,Executive assistant/executive secretary,21
Sault College,Geographic information science and cartography,10
Sault College,Graphic design,29
Sault College,Health aide,64
Sault College,"Health/medical preparatory programs, other",89
Sault College,"Licensed Practical/Vocational Nurse Training (LPN, LVN, Cert., Dipl., AAS)",134
Sault College,Manufacturing engineering technology/technician,41
Sault College,Not Codeable,972
Sault College,Occupational therapist assistant,53
Sault College,"Restaurant, culinary and catering management/manager",14
Sault College,"Social work, general",49
Sault College,Youth services/administration,96
Seneca College,Accounting,357
Seneca College,Accounting and finance,695
Seneca College,Accounting technology/technician and bookkeeping,88
Seneca College,Acting,71
Seneca College,Advertising,121
Seneca College,"Aeronautics/aviation/aerospace science and technology, general",N/A
Seneca College,Aesthetician/esthetician and skin care specialist,104
Seneca College,Airline flight attendant,15
Seneca College,Airline/commercial/professional pilot and flight crew,239
Seneca College,"Animation, interactive technology, video graphics and special effects",126
Seneca College,Apparel and textile marketing management,100
Seneca College,"Art/art studies, general",133
Seneca College,Auditing,13
Seneca College,Aviation/airway management and operations,103
Seneca College,Bioinformatics,28
Seneca College,Biology technician/biotechnology laboratory technician,178
Seneca College,Broadcast journalism,120
Seneca College,Building/property maintenance,52
Seneca College,"Business administration and management, general",482
Seneca College,"Business/commerce, general",378
Seneca College,Business/corporate communications,74
Seneca College,Career exploration/awareness skills (not for credit),23
Seneca College,Chemical technology/technician,165
Seneca College,Child care provider/assistant,723
Seneca College,Child development,336
Seneca College,Civil engineering technology/technician,405
Seneca College,Commercial and advertising art,56
Seneca College,"Communication and media studies, other",39
Seneca College,Computer and information systems security/information assurance,108
Seneca College,"Computer engineering technology/technician, general",214
Seneca College,"Computer programming/programmer, general",269
Seneca College,Computer systems analysis/analyst,305
Seneca College,Computer technology/computer systems technology,360
Seneca College,Construction management,N/A
Seneca College,Criminal justice/police science,490
Seneca College,Data modelling/warehousing and database administration,12
Seneca College,Digital communication and media/multimedia,137
Seneca College,"Diver, professional and instructor",38
Seneca College,"Electrical, electronic and communications engineering technology/technician",186
Seneca College,Energy management and systems technology/technician,N/A
Seneca College,"Engineering technologies and engineering-related fields, other",440
Seneca College,English Technical and Business Writing,33
Seneca College,"English language and literature, general",73
Seneca College,Entrepreneurship/entrepreneurial studies,158
Seneca College,Environmental engineering technology/environmental technology,87
Seneca College,Executive assistant/executive secretary,60
Seneca College,Family and community services,14
Seneca College,Fashion merchandising,41
Seneca College,Fashion/apparel design,136
Seneca College,Film/cinema/video studies,11
Seneca College,Financial planning and services,305
Seneca College,Fire science/firefighting,96
Seneca College,Floriculture/floristry operations and management,26
Seneca College,General studies,261
Seneca College,Graphic design,278
Seneca College,"Health/medical preparatory programs, other",128
Seneca College,"Hospitality administration/management, general",14
Seneca College,Hospitality and recreation marketing operations,31
Seneca College,Hotel/motel administration/management,115
Seneca College,"Human resources management/personnel administration, general",523
Seneca College,Illustration,49
Seneca College,Information resources management,N/A
Seneca College,Insurance,63
Seneca College,International business/trade/commerce,353
Seneca College,Land use planning and management/development,N/A
Seneca College,Landscaping and groundskeeping,47
Seneca College,Legal administrative assistant/secretary,25
Seneca College,Legal assistant/paralegal,263
Seneca College,"Legal professions and studies, other",260
Seneca College,"Legal support services, other",60
Seneca College,Liberal arts and sciences/liberal studies,423
Seneca College,Library and archives assisting,119
Seneca College,"Licensed Practical/Vocational Nurse Training (LPN, LVN, Cert., Dipl., AAS)",458
Seneca College,"Logistics, materials, and supply chain management",19
Seneca College,Machine tool technology/machinist,16
Seneca College,"Marketing/marketing management, general",281
Seneca College,Mechanical engineering/mechanical technology/technician,102
Seneca College,Medical office management/administration,165
Seneca College,"Multidisciplinary/interdisciplinary studies, other",15
Seneca College,"Music, other",36
Seneca College,"Natural resources conservation and research, other",45
Seneca College,Network and system administration/administrator,189
Seneca College,Non-profit/public/organizational management,N/A
Seneca College,Not Codeable,681
Seneca College,Opticianry/ophthalmic dispensing optician,N/A
Seneca College,"Parks, recreation and leisure studies",58
Seneca College,"Pharmacy administration and pharmacy policy and regulatory affairs (MS, MSc, PhD)",42
Seneca College,Pharmacy technician/assistant,139
Seneca College,Photography,61
Seneca College,Pre-technology education/pre-industrial arts programs CAN,91
Seneca College,Public administration,N/A
Seneca College,"Purchasing, procurement/acquisitions and contracts management",48
Seneca College,Radio and television,239
Seneca College,Real estate,65
Seneca College,Retailing and retail operations,10
Seneca College,Salon/beauty salon management/manager,102
Seneca College,Security and loss prevention services,29
Seneca College,"Security and protective services, other",41
Seneca College,"Social work, general",797
Seneca College,Therapeutic recreation/recreational therapy,134
Seneca College,Tool and die technology/technician,63
Seneca College,Tourism and travel services management,10
Seneca College,Tourism and travel services marketing operations,417
Seneca College,Transportation/mobility management,108
Seneca College,Veterinary/animal health technology/technician and veterinary assistant,144
Seneca College,Youth services/administration,302
Sheridan College,Accounting and business/management,623
Sheridan College,"Administrative assistant and secretarial science, general",N/A
Sheridan College,Advertising,53
Sheridan College,"Animation, interactive technology, video graphics and special effects",22
Sheridan College,Architectural technology/technician,255
Sheridan College,"Art/art studies, general",366
Sheridan College,Athletic training/trainer,196
Sheridan College,Broadcast journalism,76
Sheridan College,"Business/commerce, general",209
Sheridan College,Business/corporate communications,33
Sheridan College,Ceramic arts and ceramics,21
Sheridan College,Chemical technology/technician,20
Sheridan College,Child care provider/assistant,661
Sheridan College,Cinematography and film/video production,496
Sheridan College,Commercial and advertising art,89
Sheridan College,"Communication and media studies, other",193
Sheridan College,"Computer and information sciences and support services, general, other",88
Sheridan College,Computer and information systems security/information assurance,69
Sheridan College,"Computer engineering technology/technician, general",122
Sheridan College,"Computer programming/programmer, general",183
Sheridan College,Computer software technology/technician,291
Sheridan College,Computer systems analysis/analyst,211
Sheridan College,"Criminal justice and corrections, other",216
Sheridan College,Criminal justice/police science,603
Sheridan College,Data modelling/warehousing and database administration,N/A
Sheridan College,"Design and visual communications, general",423
Sheridan College,"Drafting and design technology/technician, general",45
Sheridan College,"Drama and dramatics/theatre arts, general",36
Sheridan College,"Electrical, electronic and communications engineering technology/technician",77
Sheridan College,Electromechanical technology/electromechanical engineering technology,86
Sheridan College,"Engineering technologies and engineering-related fields, other",73
Sheridan College,English as a second language CAN,64
Sheridan College,Environmental engineering technology/environmental technology,30
Sheridan College,Executive assistant/executive secretary,65
Sheridan College,Family and community services,41
Sheridan College,"Finance, general",395
Sheridan College,Financial planning and services,N/A
Sheridan College,General studies,178
Sheridan College,Gerontology,91
Sheridan College,Health aide,36
Sheridan College,"Health/medical preparatory programs, other",183
Sheridan College,Home furnishings and equipment installers,124
Sheridan College,"Human resources management/personnel administration, general",459
Sheridan College,Illustration,98
Sheridan College,Intermedia/multimedia,215
Sheridan College,International business/trade/commerce,17
Sheridan College,Investments and securities,118
Sheridan College,"Journalism, general",120
Sheridan College,Legal administrative assistant/secretary,37
Sheridan College,"Licensed Practical/Vocational Nurse Training (LPN, LVN, Cert., Dipl., AAS)",242
Sheridan College,"Marketing/marketing management, general",684
Sheridan College,Mechanical drafting and mechanical drafting CAD/CADD,N/A
Sheridan College,Mechanical engineering/mechanical technology/technician,95
Sheridan College,"Natural resources conservation and research, other",17
Sheridan College,Not Codeable,3373
Sheridan College,Operations management and supervision,N/A
Sheridan College,Pharmacy technician/assistant,45
Sheridan College,Quality control technology/technician,N/A
Sheridan College,Salon/beauty salon management/manager,102
Sheridan College,"Security and protective services, other",107
Sheridan College,"Social work, general",429
Sheridan College,Tool and die technology/technician,16
Sheridan College,Tourism and travel services marketing operations,107
Sheridan College,Veterinary/animal health technology/technician and veterinary assistant,77
Sheridan College,"Visual and performing arts, general",433
Sheridan College,"Web page, digital/multimedia and information resources design",43
Sheridan College,Youth services/administration,423
Sir Sandford Fleming College,Accounting and business/management,80
Sir Sandford Fleming College,Aesthetician/esthetician and skin care specialist,24
Sir Sandford Fleming College,Biology technician/biotechnology laboratory technician,141
Sir Sandford Fleming College,Blasting/blaster,247
Sir Sandford Fleming College,"Business administration and management, general",60
Sir Sandford Fleming College,"Business/commerce, general",91
Sir Sandford Fleming College,Carpentry/carpenter,37
Sir Sandford Fleming College,Child care provider/assistant,156
Sir Sandford Fleming College,Computer and information systems security/information assurance,84
Sir Sandford Fleming College,"Computer engineering technology/technician, general",76
Sir Sandford Fleming College,"Construction trades, general",N/A
Sir Sandford Fleming College,Construction/heavy equipment/earthmoving equipment operation,46
Sir Sandford Fleming College,"Criminal justice and corrections, other",112
Sir Sandford Fleming College,Criminal justice/police science,245
Sir Sandford Fleming College,Culinary arts/chef training,N/A
Sir Sandford Fleming College,Cultural resource management and policy analysis,30
Sir Sandford Fleming College,Ecology,63
Sir Sandford Fleming College,Electrician,27
Sir Sandford Fleming College,Emergency medical technology/technician (EMT paramedic),55
Sir Sandford Fleming College,"Engineering technologies and engineering-related fields, other",46
Sir Sandford Fleming College,Environmental engineering technology/environmental technology,44
Sir Sandford Fleming College,"Fine arts and art studies, other",N/A
Sir Sandford Fleming College,Fire science/firefighting,46
Sir Sandford Fleming College,Forest technology/technician,107
Sir Sandford Fleming College,General studies,212
Sir Sandford Fleming College,Geographic information science and cartography,60
Sir Sandford Fleming College,Health aide,48
Sir Sandford Fleming College,"Health and physical education/fitness, general",78
Sir Sandford Fleming College,Health information/medical records administration/administrator,15
Sir Sandford Fleming College,"Health/medical preparatory programs, other",64
Sir Sandford Fleming College,Heavy equipment maintenance technology/technician,49
Sir Sandford Fleming College,"Human resources management/personnel administration, general",37
Sir Sandford Fleming College,International business/trade/commerce,30
Sir Sandford Fleming College,"Legal professions and studies, other",28
Sir Sandford Fleming College,"Licensed Practical/Vocational Nurse Training (LPN, LVN, Cert., Dipl., AAS)",237
Sir Sandford Fleming College,Massage therapy/therapeutic massage,80
Sir Sandford Fleming College,Metal and jewellery arts,N/A
Sir Sandford Fleming College,Museology/museum studies,35
Sir Sandford Fleming College,"Natural resources conservation and research, other",138
Sir Sandford Fleming College,"Natural resources management and policy, general",162
Sir Sandford Fleming College,"Natural resources management and policy, other",27
Sir Sandford Fleming College,Not Codeable,1111
Sir Sandford Fleming College,Occupational therapist assistant,76
Sir Sandford Fleming College,"Parks, recreation and leisure studies",73
Sir Sandford Fleming College,Photography,N/A
Sir Sandford Fleming College,"Precision metal working, other",12
Sir Sandford Fleming College,Resort management,N/A
Sir Sandford Fleming College,"Restaurant, culinary and catering management/manager",25
Sir Sandford Fleming College,Securities services administration/management,42
Sir Sandford Fleming College,"Social work, general",235
Sir Sandford Fleming College,Substance abuse/addiction counselling,100
Sir Sandford Fleming College,"Teaching assistants/aides, general",60
Sir Sandford Fleming College,Tourism and travel services marketing operations,58
Sir Sandford Fleming College,Urban forestry,35
Sir Sandford Fleming College,"Visual and performing arts, general",47
Sir Sandford Fleming College,Welding technology/welder,38
Sir Sandford Fleming College,"Wildlife, fish and wildlands science and management",331
St. Clair College,Accounting technology/technician and bookkeeping,246
St. Clair College,Advertising,131
St. Clair College,Aesthetician/esthetician and skin care specialist,77
St. Clair College,"Allied health and medical assisting services, other",60
St. Clair College,"Animation, interactive technology, video graphics and special effects",64
St. Clair College,Architectural technology/technician,86
St. Clair College,Automotive engineering technology/technician,46
St. Clair College,Behavioural sciences,25
St. Clair College,"Business/commerce, general",45
St. Clair College,Cardiovascular technology/technologist,47
St. Clair College,Carpentry/carpenter,24
St. Clair College,Chemical technology/technician,99
St. Clair College,Child care provider/assistant,321
St. Clair College,Civil engineering technology/technician,107
St. Clair College,Clinical laboratory science/medical technology/technologist,105
St. Clair College,Clinical/medical laboratory technician,30
St. Clair College,Construction engineering technology/technician,23
St. Clair College,"Criminal justice and corrections, other",53
St. Clair College,Criminal justice/police science,73
St. Clair College,Dental assisting/assistant,57
St. Clair College,Dental hygiene/hygienist,114
St. Clair College,Diagnostic medical sonography/sonographer and ultrasound technician,66
St. Clair College,"Electrical, electronic and communications engineering technology/technician",172
St. Clair College,Emergency medical technology/technician (EMT paramedic),100
St. Clair College,Energy management and systems technology/technician,20
St. Clair College,Executive assistant/executive secretary,37
St. Clair College,Family and community services,120
St. Clair College,Fashion/apparel design,35
St. Clair College,"Finance, general",81
St. Clair College,Fire science/firefighting,22
St. Clair College,General office occupations and clerical services,125
St. Clair College,General studies,66
St. Clair College,Gerontology,75
St. Clair College,"Graphic communications, general",16
St. Clair College,Graphic design,95
St. Clair College,Hair styling/stylist and hair design,54
St. Clair College,Health aide,151
St. Clair College,"Health and physical education/fitness, general",36
St. Clair College,"Health/medical preparatory programs, other",229
St. Clair College,"Heating, air conditioning, ventilation and refrigeration maintenance technology/technician",69
St. Clair College,Hotel/motel administration/management,95
St. Clair College,"Human resources management/personnel administration, general",145
St. Clair College,Industrial electronics technology/technician,84
St. Clair College,Industrial mechanics and maintenance technology,41
St. Clair College,Interior design,63
St. Clair College,International business/trade/commerce,64
St. Clair College,"Journalism, general",70
St. Clair College,Landscaping and groundskeeping,50
St. Clair College,Legal administrative assistant/secretary,51
St. Clair College,Legal assistant/paralegal,81
St. Clair College,Liberal arts and sciences/liberal studies,58
St. Clair College,"Licensed Practical/Vocational Nurse Training (LPN, LVN, Cert., Dipl., AAS)",476
St. Clair College,Lineworker,82
St. Clair College,"Marketing/marketing management, general",156
St. Clair College,Mass communication/media studies,15
St. Clair College,Mechanical drafting and mechanical drafting CAD/CADD,107
St. Clair College,Medical office management/administration,77
St. Clair College,Medium/heavy vehicle and truck technology/technician,N/A
St. Clair College,Network and system administration/administrator,202
St. Clair College,Pharmacy technician/assistant,68
St. Clair College,Plumbing technology/plumber,45
St. Clair College,Pre-nursing studies,289
St. Clair College,Pre-technology education/pre-industrial arts programs CAN,103
St. Clair College,Public relations/image management,55
St. Clair College,Respiratory care therapy/therapist,73
St. Clair College,"Restaurant, culinary and catering management/manager",73
St. Clair College,Security and loss prevention services,327
St. Clair College,Stationary energy sources installer and operator CAN,70
St. Clair College,"Teaching assistants/aides, general",116
St. Clair College,Technical theatre/theatre design and technology,41
St. Clair College,Tourism and travel services marketing operations,103
St. Clair College,"Traffic, customs and transportation clerk/technician",70
St. Clair College,Veterinary/animal health technology/technician and veterinary assistant,85
St. Clair College,"Visual and performing arts, other",73
St. Clair College,"Web page, digital/multimedia and information resources design",51
St. Clair College,Welding technology/welder,62
St. Clair College,"Woodworking, general",53
St. Clair College,Youth services/administration,223
St. Lawrence College,Accounting and business/management,193
St. Lawrence College,Advertising,36
St. Lawrence College,Aesthetician/esthetician and skin care specialist,35
St. Lawrence College,"Animation, interactive technology, video graphics and special effects",42
St. Lawrence College,Automobile/automotive mechanics technology/technician,N/A
St. Lawrence College,Behavioural sciences,405
St. Lawrence College,Biology technician/biotechnology laboratory technician,91
St. Lawrence College,"Business administration and management, general",38
St. Lawrence College,"Business/commerce, general",90
St. Lawrence College,Carpentry/carpenter,53
St. Lawrence College,Child care provider/assistant,252
St. Lawrence College,Civil engineering technology/technician,139
St. Lawrence College,Clinical laboratory science/medical technology/technologist,110
St. Lawrence College,Clinical/medical laboratory technician,42
St. Lawrence College,"Communication disorders sciences and services, other",22
St. Lawrence College,Computer systems analysis/analyst,98
St. Lawrence College,Corrections,98
St. Lawrence College,Criminal justice/police science,322
St. Lawrence College,Culinary arts/chef training,16
St. Lawrence College,"Electrical, electronic and communications engineering technology/technician",91
St. Lawrence College,Emergency medical technology/technician (EMT paramedic),83
St. Lawrence College,Energy management and systems technology/technician,67
St. Lawrence College,"Fine/studio arts, general",23
St. Lawrence College,Fire science/firefighting,28
St. Lawrence College,General office occupations and clerical services,13
St. Lawrence College,General studies,176
St. Lawrence College,Graphic design,123
St. Lawrence College,Hair styling/stylist and hair design,73
St. Lawrence College,Health aide,54
St. Lawrence College,"Health and physical education/fitness, general",120
St. Lawrence College,Health information/medical records administration/administrator,22
St. Lawrence College,"Health services/allied health/health sciences, general",N/A
St. Lawrence College,"Health/medical preparatory programs, other",127
St. Lawrence College,"Hospitality administration/management, general",54
St. Lawrence College,Hotel/motel administration/management,34
St. Lawrence College,"Human resources management/personnel administration, general",122
St. Lawrence College,Instrumentation technology/technician,48
St. Lawrence College,"Journalism, general",22
St. Lawrence College,Legal administrative assistant/secretary,10
St. Lawrence College,"Legal professions and studies, other",29
St. Lawrence College,"Licensed Practical/Vocational Nurse Training (LPN, LVN, Cert., Dipl., AAS)",337
St. Lawrence College,"Marketing/marketing management, general",118
St. Lawrence College,Mechanical engineering/mechanical technology/technician,34
St. Lawrence College,Medical office management/administration,60
St. Lawrence College,"Music performance, general",148
St. Lawrence College,"Natural resources conservation and research, other",31
St. Lawrence College,Network and system administration/administrator,68
St. Lawrence College,Not Codeable,454
St. Lawrence College,"Restaurant, culinary and catering management/manager",19
St. Lawrence College,"Social work, general",218
St. Lawrence College,Stationary energy sources installer and operator CAN,27
St. Lawrence College,Veterinary/animal health technology/technician and veterinary assistant,166
St. Lawrence College,Welding technology/welder,22
St. Lawrence College,Youth services/administration,273
